-- Adminer 4.3.1 MySQL dump

SET NAMES utf8;
SET time_zone = '+00:00';
SET foreign_key_checks = 0;
SET sql_mode = 'NO_AUTO_VALUE_ON_ZERO';

DROP TABLE IF EXISTS `email_confirmations`;
CREATE TABLE `email_confirmations` (
  `id` int(10) unsigned NOT NULL AUTO_INCREMENT,
  `usersId` int(10) unsigned NOT NULL,
  `code` char(32) NOT NULL,
  `createdAt` int(10) unsigned NOT NULL,
  `modifiedAt` int(10) unsigned DEFAULT NULL,
  `confirmed` char(1) DEFAULT 'N',
  PRIMARY KEY (`id`)
) ENGINE=InnoDB DEFAULT CHARSET=utf8;

INSERT INTO `email_confirmations` (`id`, `usersId`, `code`, `createdAt`, `modifiedAt`, `confirmed`) VALUES
(1,	5,	'zjQ8oUsshv9goXARTBNNWM0kNIMf4',	1528658340,	1528658568,	'Y');

DROP TABLE IF EXISTS `failed_logins`;
CREATE TABLE `failed_logins` (
  `id` int(10) unsigned NOT NULL AUTO_INCREMENT,
  `usersId` int(10) unsigned DEFAULT NULL,
  `ipAddress` char(15) NOT NULL,
  `attempted` int(10) unsigned NOT NULL,
  PRIMARY KEY (`id`),
  KEY `usersId` (`usersId`)
) ENGINE=InnoDB DEFAULT CHARSET=utf8;

INSERT INTO `failed_logins` (`id`, `usersId`, `ipAddress`, `attempted`) VALUES
(1,	0,	'127.0.0.1',	1530598729),
(2,	0,	'127.0.0.1',	1530598737),
(3,	0,	'127.0.0.1',	1530598760),
(4,	5,	'127.0.0.1',	1530598803),
(5,	5,	'127.0.0.1',	1530598865),
(6,	5,	'127.0.0.1',	1530598874),
(7,	5,	'127.0.0.1',	1530598884),
(8,	5,	'127.0.0.1',	1530627376),
(9,	0,	'::1',	1532016802),
(10,	0,	'::1',	1532016806),
(11,	0,	'::1',	1532016810),
(12,	5,	'::1',	1532016818),
(13,	5,	'127.0.0.1',	1534328112),
(14,	5,	'127.0.0.1',	1534328119),
(15,	5,	'127.0.0.1',	1535367921);

DROP TABLE IF EXISTS `password_changes`;
CREATE TABLE `password_changes` (
  `id` int(10) unsigned NOT NULL AUTO_INCREMENT,
  `usersId` int(10) unsigned NOT NULL,
  `ipAddress` char(15) NOT NULL,
  `userAgent` text NOT NULL,
  `createdAt` int(10) unsigned NOT NULL,
  PRIMARY KEY (`id`),
  KEY `usersId` (`usersId`)
) ENGINE=InnoDB DEFAULT CHARSET=utf8;

INSERT INTO `password_changes` (`id`, `usersId`, `ipAddress`, `userAgent`, `createdAt`) VALUES
(1,	5,	'127.0.0.1',	'Mozilla/5.0 (X11; Linux x86_64) AppleWebKit/537.36 (KHTML, like Gecko) Chrome/64.0.3282.167 Safari/537.36',	1530618427);

DROP TABLE IF EXISTS `pegawai`;
CREATE TABLE `pegawai` (
  `id` int(3) NOT NULL AUTO_INCREMENT,
  `kode_uker` int(4) DEFAULT NULL,
  `nama` varchar(33) DEFAULT NULL,
  `status` int(1) DEFAULT NULL,
  PRIMARY KEY (`id`)
) ENGINE=InnoDB DEFAULT CHARSET=utf8;

INSERT INTO `pegawai` (`id`, `kode_uker`, `nama`, `status`) VALUES
(1,	581,	'ADAM HENDRAWAN SUKOCO',	6),
(2,	7,	'Ade Kurniawan                 ',	6),
(3,	7,	'ADITYA RANGGA Y               ',	6),
(4,	7,	'AYU WIDYASTUTI',	6),
(5,	7,	'BENNY WIJAYA                  ',	6),
(6,	7,	'HARDIYANTO',	6),
(7,	7,	'HENDRA DWI KURNIAWAN          ',	6),
(8,	7,	'IGNASIUS DELOYOLA LIMA        ',	6),
(9,	7,	'IRWAN FIRMANSYAH              ',	6),
(10,	7,	'RAKA REZKI AGRIDA             ',	6),
(11,	7,	'ROBY EKO PRASETYO             ',	6),
(12,	7,	'WIDYAS PANJI SUBRATA',	3),
(13,	581,	'Gani Kurniawan Agusta',	6),
(14,	581,	'Mohammad Kholilur R A',	6),
(15,	581,	'ROBI HIDAYAT                  ',	6),
(16,	581,	'YAN ADITYA PERDANA',	6),
(17,	680,	'Akbar Khamarulloh',	3),
(18,	680,	'BARIKA NOVANTA                ',	6),
(19,	680,	'CAHYO DEWANDOKO               ',	6),
(20,	680,	'Mustofa Ilyas',	6),
(21,	680,	'YUDHI SUHERMAWAN              ',	6),
(22,	9,	'BAMBANG WIDAGDO               ',	2),
(23,	9,	'DADANG DARMAWAN               ',	6),
(24,	9,	'DIAN DWI PURBOWO              ',	6),
(25,	9,	'DITA EKA PRAJUWANITA',	6),
(26,	9,	'DWIRATNA KARTIKA N.S',	3),
(27,	9,	'Dewi Nurindah',	4),
(28,	9,	'Farit Adi Hariyanto',	4),
(29,	9,	'Emal Hudan Fuadi',	4),
(30,	9,	'ENDAH PUSPITA SETYASTUTI',	6),
(31,	9,	'ESTI PRAMUDYA WIDYANING K     ',	6),
(32,	9,	'HARYO ADITYA                  ',	6),
(33,	9,	'MAWADDAH WAROHMAH',	6),
(34,	9,	'PRINS DICKSON',	3),
(35,	9,	'Ririn Bintari Putri',	6),
(36,	9,	'RISKY RAHMAWAN                ',	6),
(37,	681,	'Adam Bishawa',	6),
(38,	681,	'AGUNG WIJAYA                  ',	6),
(39,	681,	'ARIS PRASETYO                 ',	6),
(40,	681,	'DORI FRENDIANTO',	4),
(41,	681,	'IRFAN HIZRIYANTO',	6),
(42,	13,	'Adam Zakaria',	4),
(43,	13,	'Andrian Eka Sagina            ',	6),
(44,	13,	'DIMAS AFRIANSYAH              ',	6),
(45,	13,	'DWI SATRYA WIRABRATA          ',	6),
(46,	13,	'HARI PURWANTO',	3),
(47,	13,	'I MADE PASEK SUSILA           ',	6),
(48,	13,	'Prasetia Rusanto',	4),
(49,	13,	'RendiWidyaPranata',	6),
(50,	13,	'Rifqi Faisal Hargiansyah',	3),
(51,	13,	'Wanda Ayu Paramitha',	3),
(52,	13,	'Yunan Helmi R',	4),
(53,	21,	'AGUNG FIRMAN HIDAYAT          ',	4),
(54,	21,	'AMRI RIFQI ARRIZA             ',	5),
(55,	21,	'Ahmad Haris Kurnia Dwiputera',	3),
(56,	21,	'Andrei Arnando',	6),
(57,	21,	'Ariesta Satriawan Anggara',	6),
(58,	21,	'AULIA RACHMAN                 ',	6),
(59,	21,	'BAGUS SETIAWAN PRAMUDIANTO',	3),
(60,	21,	'Bekti Eko Cahyono',	6),
(61,	21,	'DIAN ABDI SUKMANA             ',	6),
(62,	21,	'EKA KURNIAWAN                 ',	2),
(63,	21,	'Govin  Septyan Pramuja',	3),
(64,	21,	'HARTANTI JUANTINI',	6),
(65,	21,	'Margo Tri Sutrisno',	3),
(66,	21,	'MUHAROMI PRASETYO             ',	6),
(67,	21,	'PETRUS DANANG TAPAWIJAYA',	6),
(68,	21,	'Wanda Olyvia A',	6),
(69,	21,	'Zuliandri',	4),
(70,	1161,	'BRIANWIDHI WIRANATA           ',	6),
(71,	1161,	'NUR FAJRI WIJAYA              ',	6),
(72,	1161,	'Risca Surya Irawan',	4),
(73,	2203,	'ADITYA PRATAMA                ',	6),
(74,	2203,	'Lindiawati                    ',	6),
(75,	2203,	'Silvi Wulandari',	3),
(76,	33,	'ABU BAKAR SIDIK               ',	6),
(77,	33,	'Ade Tedy Kusniawan',	3),
(78,	33,	'Adi Setiawan',	6),
(79,	33,	'Andi Wicaksono',	6),
(80,	33,	'AYUP PURI NURYUDHA     ',	6),
(81,	33,	'BAYU KRISBIANTORO             ',	6),
(82,	33,	'Bayu Prakoso',	6),
(83,	33,	'CANDRA WIBIAKSA',	6),
(84,	33,	'Fajar Bagus Tetuko',	3),
(85,	33,	'Rohmatul Azizah',	3),
(86,	33,	'Gustanto Saputro',	4),
(87,	33,	'HARSONO                       ',	6),
(88,	33,	'INDRA ADI SUKARDONO',	3),
(89,	33,	'Kartiko Adi P',	6),
(90,	33,	'KIKI PATRIOT VIRANATA',	3),
(91,	33,	'LUCKY VICTOR',	6),
(92,	33,	'MERRY SRI RAHMAWATI           ',	6),
(93,	33,	'OCKE RAHENDRA SUPRIYANTO      ',	6),
(94,	33,	'One Beny Primawan',	6),
(95,	33,	'REZA DIANDRA OKTAMA',	6),
(96,	33,	'Rizky Andia Swardhani',	3),
(97,	33,	'RYAN SETIA DWI CAHYA',	3),
(98,	33,	'SIGID SETIAWAN                ',	6),
(99,	508,	'AGUS WINARNO                  ',	6),
(100,	508,	'HIMAWAN FAUZI',	6),
(101,	508,	'Retno Septyaningtyas',	6),
(102,	508,	'Satriya Wibawa                ',	6),
(103,	508,	'TOMMY PUTRA PRAKASA',	6),
(104,	2289,	'ANDREAS IKA WIYONO',	3),
(105,	2289,	'ERIK BUDIANTO                 ',	6),
(106,	2289,	'Udi Wahyuni',	3),
(107,	2290,	'INGE BELLA PERTIWI',	3),
(108,	2290,	'MOHAMMAD ZAKKI SULTHON        ',	6),
(109,	2290,	'PONGKY SETIAWAN',	4),
(110,	44,	'Alfredo Sahata Sitorus',	6),
(111,	44,	'ESA PERMANA PUTRA',	6),
(112,	44,	'Iiv Dwi Urnianto',	6),
(113,	44,	'M FARID MARUF                 ',	5),
(114,	44,	'NANANG SUSILO HADI            ',	6),
(115,	44,	'PRIMA SARI ARSIAN DEWI',	6),
(116,	44,	'SAMSUL HADI',	3),
(117,	44,	'SANGGRA ROSSY P',	3),
(118,	44,	'SOFIYANTORO PERANANDA         ',	6),
(119,	44,	'SATRIA AGUNG NUGROHO',	2),
(120,	44,	'SUBANGKIT ARIS PURNOMO',	6),
(121,	44,	'SUPRAYUDI PURNAMA',	3),
(122,	44,	'VICTORIANUS MOFIA F           ',	6),
(123,	44,	'YOGA FIRMANSYAH               ',	6),
(124,	2236,	'Aulia Srie Kusumaningtyas',	3),
(125,	2236,	'EPRIN PURWADI                 ',	6),
(126,	2236,	'GUNTUR ADI WAHYONO            ',	6),
(127,	2270,	'RENDRA AGUNG FANANI           ',	6),
(128,	2270,	'SATYO WAHYU DIANTORO          ',	6),
(129,	2270,	'SONY ADJIE FIRDAUS   ',	6),
(130,	45,	'ANDIKA PRAYUDHA RUSETYA       ',	6),
(131,	45,	'Dedi Hartanto                 ',	6),
(132,	45,	'DONA YUGAS SUARA',	3),
(133,	45,	'edy sunarko',	6),
(134,	45,	'INDRATMA                      ',	6),
(135,	45,	'JOKO SUTRISNO                 ',	6),
(136,	45,	'KUKUH CHRISNAYA SUNARYA',	3),
(137,	45,	'PIPIT ARDHANA                 ',	6),
(138,	45,	'Rachmadi Purbono',	6),
(139,	45,	'Raditya Aguswara',	6),
(140,	45,	'SAIFUL MUSA                   ',	6),
(141,	45,	'SEPTI ANGGELINA   ',	6),
(142,	45,	'SISKA CHANDRA ARIANA',	3),
(143,	552,	'AGUNG WIDISUSANTO             ',	6),
(144,	552,	'KARTIKA AGUNG WICAKSONO',	6),
(145,	552,	'Muhammad Izzudin',	6),
(146,	552,	'TUTUT SUSILO                  ',	6),
(147,	2109,	'AGUS SETIAWAN                 ',	6),
(148,	2109,	'PANDU SETIADI',	3),
(149,	2109,	'RONNY SUTANTO                 ',	6),
(150,	2167,	'ARIF BAROKAH                  ',	6),
(151,	2167,	'HADI SUCIPTO                  ',	6),
(152,	49,	'Aji Widoyoko',	6),
(153,	49,	'ALI HIDAYAT SAIFUDIN IMRON    ',	6),
(154,	49,	'CHANDRA RICI SETIAWAN',	3),
(155,	49,	'DEDIK KURNIAWAN               ',	6),
(156,	49,	'EKA YUNI KHOTIMAH             ',	6),
(157,	49,	'ENGGAR SUSILO WIBOWO',	6),
(158,	49,	'FENTI NOVIANA',	6),
(159,	49,	'Hajar Sukowati',	6),
(160,	49,	'MUHAMMAD MIFTAKHUL',	3),
(161,	49,	'Nur Lailatul Fajriah          ',	2),
(162,	49,	'RUDI EKO SANTOSO              ',	5),
(163,	49,	'YUDHO PURWINARKO',	3),
(164,	51,	'BUDI TAMTOMO                  ',	6),
(165,	51,	'Adhim',	2),
(166,	51,	'Dazeng Fika Rahayu            ',	6),
(167,	51,	'FARDINAL',	6),
(168,	51,	'Gladys Agnescia Sumampouw',	6),
(169,	51,	'HANDY KRISTIONO               ',	6),
(170,	51,	'Henry Yulyas Adijaya',	4),
(171,	51,	'Roy Handono',	6),
(172,	51,	'HERMANUS SALOMON              ',	6),
(173,	51,	'Himawan',	6),
(174,	51,	'M.IRFAN RAHMAWAN              ',	6),
(175,	51,	'Mohamad Taufan Kusumo Putro',	6),
(176,	51,	'Oktalisa Diana Marsta',	3),
(177,	51,	'Rauf Mega Sarjono',	6),
(178,	51,	'SONDIK WICAKSONO',	6),
(179,	51,	'TIAS KOMALASARI DEWI          ',	6),
(180,	51,	'Yoga Mahatmaka                ',	6),
(181,	51,	'YUDI HARI UTOMO               ',	6),
(182,	2066,	'ARIS SUGIANTO                 ',	6),
(183,	2066,	'GURUH PRIAMBODO               ',	6),
(184,	2066,	'Irwan Yusep Priyoko           ',	6),
(185,	2067,	'AINUR MANSURURI FADLI',	6),
(186,	2067,	'Mirzah Zahbur Syahdan',	3),
(187,	2067,	'Ratih Yanita Utomo            ',	6),
(188,	2165,	'GURESY UBUD                   ',	6),
(189,	2165,	'Khalid Fadli Al Idrus',	6),
(190,	2165,	'VIA LOLYTA ANING JUNI',	6),
(191,	2166,	'Ainul Yaqin',	6),
(192,	2166,	'Retno Purwanto',	3),
(193,	2166,	'VICKY MAHARDIKA AKBAR         ',	6),
(194,	2166,	'Zulkifli Asyudi               ',	6),
(195,	56,	'AKHMAD MOES\'AB                ',	6),
(196,	56,	'DIAZ KUDIARTO                 ',	6),
(197,	56,	'Ganeca Agny Frihannedy',	3),
(198,	56,	'HIMAWAN KURNIYANTO            ',	6),
(199,	56,	'Lukman Khakim                 ',	6),
(200,	56,	'PRITA YUSTISIA W              ',	6),
(201,	56,	'REZHA FAMBUDI                 ',	6),
(202,	56,	'BANGKIT LAHIA WIRA EGARA',	4),
(203,	56,	'Risa Yuni Eko Cahyono',	4),
(204,	56,	'Tantri Wahyuni',	6),
(205,	56,	'Tri Hantoro Wibowo',	6),
(206,	56,	'ZAMRUD NUSA LAZUARDI          ',	6),
(207,	2050,	'ADY SETYO PRAYITNO',	6),
(208,	2050,	'Asmaning Praja',	4),
(209,	2050,	'AGUSTINUS SUPRIJANTO          ',	6),
(210,	2050,	'DHIMAS ADI KUSUMO             ',	6),
(211,	57,	'ANTON PURWANTO                ',	6),
(212,	57,	'ARIEF WICAKSONO               ',	2),
(213,	57,	'ASLAMA APRIYANTO              ',	6),
(214,	57,	'AZIZ RIMBAWAN                 ',	6),
(215,	57,	'FITRI SUMARWANI',	6),
(216,	57,	'GILANG CAHYA WENANGJATI',	6),
(217,	57,	'HANINDYA HAPSARI K',	3),
(218,	57,	'INDRY NURITA HAPSARI',	3),
(219,	57,	'LINA ASTUTI',	6),
(220,	57,	'MOCH. PUTUT ARIWIBOWO',	6),
(221,	57,	'MOHAMAD TAUFAN KUSUMO         ',	1),
(222,	57,	'PRIMA DHARMA KUSUMA           ',	6),
(223,	57,	'RIRIN DIAH ARINI',	3),
(224,	57,	'Serafica Kartikavianney Jati',	6),
(225,	57,	'SUGIYONO                      ',	6),
(226,	57,	'Winda H D N',	6),
(227,	65,	'AGUNG PRAKOSO',	6),
(228,	65,	'DEWI SETIAWATI                ',	6),
(229,	65,	'IDA BAGUS ARDANA              ',	6),
(230,	65,	'KURNIAWAN FARUK               ',	6),
(231,	65,	'MUHAMMAD ALI BASRI            ',	6),
(232,	65,	'LILIS NUR YULIAWATI           ',	6),
(233,	65,	'M. Aqil Azizi',	3),
(234,	65,	'M. FIKRI                      ',	6),
(235,	65,	'NOVIA WAHYU ARIANTO',	3),
(236,	65,	'Nugroho Wibowo                ',	6),
(237,	65,	'Nur Muflikhah',	6),
(238,	65,	'RIZKY BAYU BASTIAN',	6),
(239,	65,	'SACHRI ACHMANTO               ',	6),
(240,	65,	'SUHADAK                       ',	6),
(241,	65,	'WAHYU IBRAHIM KISWORO',	2),
(242,	65,	'YANUAR PRIAMBUDI              ',	6),
(243,	65,	'YUNAN ALI FIKRI A             ',	6),
(244,	518,	'DODY TRI HARDIANTO            ',	6),
(245,	518,	'IWAN FERDIYANTO               ',	6),
(246,	518,	'MUAMMAR SAEVI                 ',	6),
(247,	518,	'Ruli Voni Susanto',	3),
(248,	550,	'ALDILA SURYA M                ',	6),
(249,	550,	'ARIYANTO                      ',	6),
(250,	550,	'DUTA PAKERTI DARAJAT ',	6),
(251,	550,	'EKO INDRA HIDAYAT             ',	6),
(252,	550,	'Lucky Novarina Putri Subandi ',	6),
(253,	67,	'AJI SUDARMAJI',	4),
(254,	67,	'FERY FINTASARI',	4),
(255,	67,	'Mahuda Setiawan',	3),
(256,	67,	'HETY APRIYANI',	6),
(257,	67,	'Ima Wahyudi                   ',	6),
(258,	67,	'LINGGA ANGGARA',	4),
(259,	67,	'MUHAMAD AFIFUDIN              ',	6),
(260,	70,	'ALFIAN HARI MURSANTO',	6),
(261,	70,	'Anggi Ratnawidiastuti',	6),
(262,	70,	'Ari Prasetiawan',	6),
(263,	70,	'Arvan Eko Setiyobudi',	6),
(264,	70,	'DADAN FIRDAUS                 ',	6),
(265,	70,	'Feti Yuliasnasari             ',	6),
(266,	70,	'Hakim Waskito',	4),
(267,	70,	'Hendri Windianarko',	6),
(268,	70,	'LUTHFII KAHARUDDIN',	6),
(269,	70,	'Martin Luther Meha',	6),
(270,	70,	'Tri Widodo',	6),
(271,	70,	'Vivit Devita Anggun Puspita Rani',	6),
(272,	70,	'Yuyun Pujiastuti',	7),
(273,	2204,	'DWI MADYA PANDADARAN          ',	6),
(274,	2204,	'kusuma',	6),
(275,	2204,	'SAPTO BAGUS SATRIAWAN         ',	6),
(276,	73,	'DEDI ISWANTO                  ',	6),
(277,	73,	'DEVITA RESTU ANGGRAENI',	3),
(278,	73,	'Eka Putri Aprilia',	3),
(279,	73,	'MOHAMMAD ISMAIL               ',	6),
(280,	73,	'NUR KARIM',	6),
(281,	73,	'PRIMA PRASASTIANTO FERBY      ',	6),
(282,	73,	'RIANG FAUZI',	6),
(283,	73,	'TAUFIK RIDHO SYAHBANA',	3),
(284,	73,	'YUNUS ARIANTO                 ',	6),
(285,	582,	'ACHMAD MUSYARIF FIRYUMIN      ',	6),
(286,	582,	'ALEX WIDYANTORO               ',	6),
(287,	582,	'RISKI NUGRAHA MAHATVA PUTRA',	3),
(288,	582,	'YUDHA DEWANTORO               ',	6),
(289,	90,	'ABDUL MUN\'IM',	6),
(290,	90,	'ANIS RIZALDI                  ',	6),
(291,	90,	'DANIAL SYAFHAN',	4),
(292,	90,	'EMI KARTIKA NINGTIAS',	3),
(293,	90,	'FAIZAL AKBAR                  ',	6),
(294,	90,	'FUSTHATHUL AGUSTINA           ',	6),
(295,	90,	'HENRY ADI PRATAMA',	4),
(296,	90,	'HM. ARMOYO                    ',	2),
(297,	90,	'KHAIRUL AFIFI BAHRIANSYAH P',	3),
(298,	90,	'Niswatun Insiyah',	6),
(299,	90,	'RAGIL FAJRI PATRIA',	4),
(300,	90,	'WAHYU MUSSYARROFUL BARY',	6),
(301,	90,	'YOKI HENDRA SUGIARTO',	4),
(302,	110,	'GINANJAR SAUKI ROSYIDI        ',	2),
(303,	110,	'ANDRIE YULIANTO               ',	6),
(304,	110,	'ARDHI KUSUMA PUTRA',	3),
(305,	110,	'AWITYA ANGGARA PRABAWADI',	6),
(306,	110,	'DENY YUDIANTORO               ',	6),
(307,	110,	'DHIMAS RYAN PRANATA',	3),
(308,	110,	'DIDI DARMAWAN',	6),
(309,	110,	'FEBRIANTO',	6),
(310,	110,	'FERDYAN CHANDRA CHRISNA',	3),
(311,	110,	'Hardhika Suryantoro',	6),
(312,	110,	'Ridwan Dede Setyono',	3),
(313,	110,	'MOCHAMAD MUKLISIN             ',	6),
(314,	110,	'MOH. WIRANDA ARIF',	6),
(315,	110,	'PONTY ADAM PRATAMA            ',	6),
(316,	110,	'Slamet Anwar Fakhrudin',	6),
(317,	110,	'ZAINAL MUSTOPA                ',	6),
(318,	2065,	'ARYO WIRO PAWENANG',	6),
(319,	2065,	'CHANDRA DEWANTARA',	6),
(320,	2065,	'DARMAWAN STYADI               ',	6),
(321,	2285,	'BRAMANTI SATRIA               ',	6),
(322,	2285,	'MAZDHA KARYALENA ANDRIANTO    ',	6),
(323,	2285,	'SITI AISAH',	6),
(324,	177,	'ANJAR FERRY WIJAYA            ',	6),
(325,	177,	'DWI AYU RHONITA N             ',	6),
(326,	177,	'ELOK JANJANG TRIYOGA          ',	2),
(327,	177,	'FUAD SETYA WARDHANA',	4),
(328,	177,	'HENDRO SUSANTO',	4),
(329,	177,	'Heri Dwi Cahyanto',	4),
(330,	177,	'JUHAN ARIESKA SETIAWAN        ',	6),
(331,	177,	'SINGGIH DWIANTO               ',	6),
(332,	177,	'SULANDRA KUSUMA',	4),
(333,	177,	'TEGUH ARIF HIDAYAT',	6),
(334,	344,	'ADITYA MAHENDRA KUSUMA        ',	6),
(335,	344,	'ALFA RIKI DOSAN               ',	6),
(336,	344,	'ARIF SUDARMONO',	6),
(337,	344,	'BAYU ADITYA SAPUTRA',	3),
(338,	344,	'DAENG WIJANARGI               ',	6),
(339,	344,	'DENNY TRISNO SUGIONO',	2),
(340,	344,	'DHANNY RUSIE F                ',	6),
(341,	344,	'Ferlivian Nurhayati',	3),
(342,	344,	'HERINDA SENSUSTANIA',	6),
(343,	344,	'HUGIK YUDO K                  ',	6),
(344,	344,	'KASWANDI',	2),
(345,	344,	'SennaCandraIrawan',	6),
(346,	344,	'Ucha Prasya Majid',	3),
(347,	344,	'USI MAWARDI',	6),
(348,	1175,	'EVAN ROMADHON FANDYAWAN',	3),
(349,	1175,	'NOVARINA BELLY SADHANA',	3),
(350,	1175,	'RICO FITRIANTO W              ',	6),
(351,	1175,	'RIDWAN MAULANA                ',	6),
(352,	1175,	'RIVAN INDRA SANTOSO',	3),
(353,	2001,	'Aprin Prestya Wibawa',	6),
(354,	2001,	'GUNTUR PRONOTO                ',	6),
(355,	2001,	'I PUTU CANDRA WAHYU W',	6),
(356,	429,	'Totok Muhajirin               ',	6),
(357,	429,	'ALVI WAHYUATMA',	6),
(358,	429,	'ROSA RIA RULLY ARDIAN         ',	6),
(359,	429,	'ERLINA NOVITASARI             ',	6),
(360,	429,	'Hafidz Hanafi',	6),
(361,	429,	'HENDRA YUDISTIRA',	6),
(362,	429,	'Lutfi Nuraini',	3),
(363,	429,	'Nita Anggraini Suwita',	3),
(364,	554,	'FEGA MUHTADAL FURQON AL AZIZI ',	6),
(365,	554,	'GILANG PUTERA FAJAR           ',	6),
(366,	554,	'Candra Virgiawan',	3),
(367,	554,	'Kurniawan Tri Cahyono         ',	6),
(368,	554,	'R HARI WARDHANA               ',	6),
(369,	2237,	'DAVID IRAWAN                  ',	6),
(370,	2237,	'DITA RISTANIA ',	6),
(371,	2237,	'KAMAL DWI RASYID',	6),
(372,	2238,	'Micky Dita Avrilia',	3),
(373,	2238,	'ARIF SUSYANTO HANIF           ',	6),
(374,	2238,	'RIZAL ANDRIANSYAH             ',	6),
(375,	516,	'ANITA ABDILLAH                ',	6),
(376,	516,	'FARIDATUL UMROH               ',	6),
(377,	516,	'Ichwan Iswahyudi',	6),
(378,	516,	'IVAN FEBRIANDY                ',	6),
(379,	516,	'M. Ezar Arfi Paudra',	6),
(380,	516,	'MASRUROTUL AINYAH HAZ',	6),
(381,	516,	'MOCHAMAD CATUR HERI           ',	5),
(382,	516,	'Mochammad Ridwan Tuasikal',	6),
(383,	516,	'SLAMET RAHARJO',	6),
(384,	516,	'SOESILO INDARTO               ',	6),
(385,	589,	'ACHMAD BAYU YANUAR            ',	6),
(386,	589,	'DIMAS BAGUS J',	3),
(387,	589,	'EKA RATNA SARI',	4),
(388,	589,	'FIRMANTO SEPTIYAWAN           ',	6),
(389,	1174,	'A Faris Deny Ramly            ',	6),
(390,	1174,	'Satiti Nirmala Salmatikha',	3),
(391,	1174,	'DWI WAHYU FIRMANTO            ',	6),
(392,	1174,	'ERLANGGA ARI WIBOWO',	6),
(393,	555,	'ALIFANDI RACHMAD',	6),
(394,	555,	'M. TAUCHID ICHWANDANA         ',	6),
(395,	555,	'Onesca Anggi Damayanti',	3),
(396,	555,	'Rio Novien',	3),
(397,	555,	'ROFII                         ',	6),
(398,	555,	'Unrizal Dwi Jatmiko',	3),
(399,	555,	'YUDHI PRADANA                 ',	6),
(400,	1829,	'Achmad Nur Udin',	6),
(401,	1829,	'FERNANDO DEVENCEY KODOATI',	6),
(402,	1829,	'MARGARETTA FERY PUTRIANA NINGTIAS',	6),
(403,	577,	'BANIN FAZA',	6),
(404,	577,	'Dinang Suryantoro',	6),
(405,	577,	'DODY HERLAMBANG ',	6),
(406,	577,	'GALIH EKO PRASETYO UTOMO      ',	6),
(407,	577,	'MOHAMAD SAHRUL KHIROM         ',	6),
(408,	577,	'NORMAN SYARIF                 ',	6),
(409,	551,	'Bagoes Nang Aroem Wibowo      ',	6),
(410,	551,	'MOCH MUFID                    ',	6),
(411,	551,	'SARI ROCHMAWATI               ',	6),
(412,	579,	'AMELIA DIAH PERWITASARI       ',	6),
(413,	579,	'Hima Fathaban                ',	6),
(414,	579,	'Ramadhan Nafiqurrachman',	6),
(415,	579,	'RIZKI SATRIA PERMANA          ',	6),
(416,	1247,	'AGUS BUDI WIJAYA              ',	6),
(417,	1247,	'Revana Mendra Nugraha',	3),
(418,	1247,	'VIVIN SRI HARDILAH T A        ',	6),
(419,	1247,	'WAHYU SURYANI',	6),
(420,	1807,	'DEDIK DARMANTO                ',	6),
(421,	1807,	'RESHA NATANAEL SUTEDJO',	6),
(422,	2271,	'ARDHISA RIKA YUNIAR PUTRI',	6),
(423,	2271,	'CANDRA TRI MAHENDRA           ',	6),
(424,	2271,	'Gayuh Ardhi Dwi Narko',	6),
(427,	581,	'Yanar  Yamek',	3);

DROP TABLE IF EXISTS `pegawai_status`;
CREATE TABLE `pegawai_status` (
  `id` int(11) NOT NULL AUTO_INCREMENT,
  `status` varchar(50) NOT NULL,
  PRIMARY KEY (`id`)
) ENGINE=InnoDB DEFAULT CHARSET=latin1;

INSERT INTO `pegawai_status` (`id`, `status`) VALUES
(1,	'AO MENENGAH'),
(2,	'AO NPL'),
(3,	'KONTRAK'),
(4,	'KONTRAK PENUGASAN'),
(5,	'PEKERJA KHUSUS'),
(6,	'TETAP'),
(7,	'TETAP PPS');

DROP TABLE IF EXISTS `permissions`;
CREATE TABLE `permissions` (
  `id` int(10) unsigned NOT NULL AUTO_INCREMENT,
  `profilesId` int(10) unsigned NOT NULL,
  `resource` varchar(16) NOT NULL,
  `action` varchar(16) NOT NULL,
  PRIMARY KEY (`id`),
  KEY `profilesId` (`profilesId`)
) ENGINE=InnoDB DEFAULT CHARSET=utf8;

INSERT INTO `permissions` (`id`, `profilesId`, `resource`, `action`) VALUES
(1,	3,	'users',	'index'),
(2,	3,	'users',	'search'),
(3,	3,	'profiles',	'index'),
(4,	3,	'profiles',	'search'),
(17,	2,	'users',	'index'),
(18,	2,	'users',	'search'),
(19,	2,	'users',	'edit'),
(20,	2,	'users',	'create'),
(21,	2,	'profiles',	'index'),
(22,	2,	'profiles',	'search'),
(23,	1,	'users',	'index'),
(24,	1,	'users',	'search'),
(25,	1,	'users',	'edit'),
(26,	1,	'users',	'create'),
(27,	1,	'users',	'delete'),
(28,	1,	'users',	'changePassword'),
(29,	1,	'profiles',	'index'),
(30,	1,	'profiles',	'search'),
(31,	1,	'profiles',	'edit'),
(32,	1,	'profiles',	'create'),
(33,	1,	'profiles',	'delete'),
(34,	1,	'permissions',	'index'),
(35,	1,	'ao',	'*');

DROP TABLE IF EXISTS `profiles`;
CREATE TABLE `profiles` (
  `id` int(10) unsigned NOT NULL AUTO_INCREMENT,
  `name` varchar(64) NOT NULL,
  `active` char(1) NOT NULL,
  PRIMARY KEY (`id`),
  KEY `active` (`active`)
) ENGINE=InnoDB DEFAULT CHARSET=utf8;

INSERT INTO `profiles` (`id`, `name`, `active`) VALUES
(1,	'Administrators',	'Y'),
(2,	'Users',	'Y'),
(3,	'Read-Only',	'Y');

DROP TABLE IF EXISTS `remember_tokens`;
CREATE TABLE `remember_tokens` (
  `id` int(10) unsigned NOT NULL AUTO_INCREMENT,
  `usersId` int(10) unsigned NOT NULL,
  `token` char(32) NOT NULL,
  `userAgent` varchar(120) NOT NULL,
  `createdAt` int(10) unsigned NOT NULL,
  PRIMARY KEY (`id`),
  KEY `token` (`token`)
) ENGINE=InnoDB DEFAULT CHARSET=utf8;

INSERT INTO `remember_tokens` (`id`, `usersId`, `token`, `userAgent`, `createdAt`) VALUES
(2,	5,	'5d348ab70bba58a2c5516eab8ccee88a',	'Mozilla/5.0 (X11; Linux x86_64; rv:60.0) Gecko/20100101 Firefox/60.0',	1528880556);

DROP VIEW IF EXISTS `report`;
CREATE TABLE `report` (`nama` varchar(24), `formasi_ao` int(2), `tetap` bigint(21), `kontrak` bigint(21));


DROP TABLE IF EXISTS `reset_passwords`;
CREATE TABLE `reset_passwords` (
  `id` int(10) unsigned NOT NULL AUTO_INCREMENT,
  `usersId` int(10) unsigned NOT NULL,
  `code` varchar(48) NOT NULL,
  `createdAt` int(10) unsigned NOT NULL,
  `modifiedAt` int(10) unsigned DEFAULT NULL,
  `reset` char(1) NOT NULL,
  PRIMARY KEY (`id`),
  KEY `usersId` (`usersId`)
) ENGINE=InnoDB DEFAULT CHARSET=utf8;


DROP TABLE IF EXISTS `success_logins`;
CREATE TABLE `success_logins` (
  `id` int(10) unsigned NOT NULL AUTO_INCREMENT,
  `usersId` int(10) unsigned NOT NULL,
  `ipAddress` char(15) NOT NULL,
  `userAgent` varchar(120) NOT NULL,
  PRIMARY KEY (`id`),
  KEY `usersId` (`usersId`)
) ENGINE=InnoDB DEFAULT CHARSET=utf8;

INSERT INTO `success_logins` (`id`, `usersId`, `ipAddress`, `userAgent`) VALUES
(1,	5,	'127.0.0.1',	'Mozilla/5.0 (X11; Linux x86_64) AppleWebKit/537.36 (KHTML, like Gecko) Chrome/64.0.3282.167 Safari/537.36'),
(2,	5,	'127.0.0.1',	'Mozilla/5.0 (X11; Linux x86_64) AppleWebKit/537.36 (KHTML, like Gecko) Chrome/64.0.3282.167 Safari/537.36'),
(3,	5,	'127.0.0.1',	'Mozilla/5.0 (X11; Linux x86_64) AppleWebKit/537.36 (KHTML, like Gecko) Chrome/64.0.3282.167 Safari/537.36'),
(4,	5,	'127.0.0.1',	'Mozilla/5.0 (X11; Linux x86_64) AppleWebKit/537.36 (KHTML, like Gecko) Chrome/64.0.3282.167 Safari/537.36'),
(5,	5,	'127.0.0.1',	'Mozilla/5.0 (X11; Linux x86_64) AppleWebKit/537.36 (KHTML, like Gecko) Chrome/64.0.3282.167 Safari/537.36'),
(6,	5,	'127.0.0.1',	'Mozilla/5.0 (X11; Linux x86_64) AppleWebKit/537.36 (KHTML, like Gecko) Chrome/64.0.3282.167 Safari/537.36'),
(7,	5,	'127.0.0.1',	'Mozilla/5.0 (X11; Linux x86_64; rv:60.0) Gecko/20100101 Firefox/60.0'),
(8,	5,	'127.0.0.1',	'Mozilla/5.0 (X11; Linux x86_64; rv:60.0) Gecko/20100101 Firefox/60.0'),
(9,	5,	'127.0.0.1',	'Mozilla/5.0 (X11; Linux x86_64; rv:60.0) Gecko/20100101 Firefox/60.0'),
(10,	5,	'127.0.0.1',	'Mozilla/5.0 (X11; Linux x86_64; rv:60.0) Gecko/20100101 Firefox/60.0'),
(11,	5,	'127.0.0.1',	'Mozilla/5.0 (X11; Linux x86_64) AppleWebKit/537.36 (KHTML, like Gecko) Chrome/64.0.3282.167 Safari/537.36'),
(12,	5,	'127.0.0.1',	'Mozilla/5.0 (X11; Linux x86_64) AppleWebKit/537.36 (KHTML, like Gecko) Chrome/64.0.3282.167 Safari/537.36'),
(13,	5,	'127.0.0.1',	'Mozilla/5.0 (X11; Linux x86_64) AppleWebKit/537.36 (KHTML, like Gecko) Chrome/64.0.3282.167 Safari/537.36'),
(14,	5,	'127.0.0.1',	'Mozilla/5.0 (X11; Linux x86_64) AppleWebKit/537.36 (KHTML, like Gecko) Chrome/64.0.3282.167 Safari/537.36'),
(15,	5,	'127.0.0.1',	'Mozilla/5.0 (X11; Linux x86_64) AppleWebKit/537.36 (KHTML, like Gecko) Chrome/64.0.3282.167 Safari/537.36'),
(16,	5,	'127.0.0.1',	'Mozilla/5.0 (X11; Linux x86_64) AppleWebKit/537.36 (KHTML, like Gecko) Chrome/64.0.3282.167 Safari/537.36'),
(17,	5,	'127.0.0.1',	'Mozilla/5.0 (X11; Linux x86_64) AppleWebKit/537.36 (KHTML, like Gecko) Chrome/64.0.3282.167 Safari/537.36'),
(18,	5,	'127.0.0.1',	'Mozilla/5.0 (X11; Linux x86_64) AppleWebKit/537.36 (KHTML, like Gecko) Chrome/64.0.3282.167 Safari/537.36'),
(19,	5,	'::1',	'Mozilla/5.0 (X11; Linux x86_64) AppleWebKit/537.36 (KHTML, like Gecko) Chrome/64.0.3282.119 Safari/537.36'),
(20,	5,	'::1',	'Mozilla/5.0 (X11; Linux x86_64) AppleWebKit/537.36 (KHTML, like Gecko) Chrome/64.0.3282.119 Safari/537.36'),
(21,	5,	'::1',	'Mozilla/5.0 (X11; Linux x86_64) AppleWebKit/537.36 (KHTML, like Gecko) Chrome/64.0.3282.119 Safari/537.36'),
(22,	5,	'::1',	'Mozilla/5.0 (X11; Linux x86_64) AppleWebKit/537.36 (KHTML, like Gecko) Chrome/64.0.3282.119 Safari/537.36'),
(23,	5,	'::1',	'Mozilla/5.0 (X11; Linux x86_64) AppleWebKit/537.36 (KHTML, like Gecko) Chrome/64.0.3282.119 Safari/537.36'),
(24,	5,	'127.0.0.1',	'Mozilla/5.0 (X11; Linux x86_64) AppleWebKit/537.36 (KHTML, like Gecko) Chrome/67.0.3396.99 Safari/537.36'),
(25,	5,	'127.0.0.1',	'Mozilla/5.0 (X11; Linux x86_64) AppleWebKit/537.36 (KHTML, like Gecko) Chrome/67.0.3396.99 Safari/537.36'),
(26,	5,	'127.0.0.1',	'Mozilla/5.0 (X11; Linux x86_64) AppleWebKit/537.36 (KHTML, like Gecko) Chrome/67.0.3396.99 Safari/537.36'),
(27,	5,	'127.0.0.1',	'Mozilla/5.0 (X11; Linux x86_64) AppleWebKit/537.36 (KHTML, like Gecko) Chrome/67.0.3396.99 Safari/537.36');

DROP TABLE IF EXISTS `unit_kerja`;
CREATE TABLE `unit_kerja` (
  `id` int(2) DEFAULT NULL,
  `nama` varchar(24) DEFAULT NULL,
  `kode_uker` int(4) DEFAULT NULL,
  `kode_kanca` int(3) DEFAULT NULL,
  `formasi_ao` int(2) DEFAULT NULL
) ENGINE=InnoDB DEFAULT CHARSET=utf8;

INSERT INTO `unit_kerja` (`id`, `nama`, `kode_uker`, `kode_kanca`, `formasi_ao`) VALUES
(1,	'Banyuwangi',	7,	7,	17),
(2,	'KCP MUNCAR BANYUWANGI',	680,	7,	6),
(3,	'KCP ROGOJAMPI',	581,	7,	4),
(4,	'Blitar',	9,	9,	14),
(5,	'KCP WLINGI',	681,	9,	5),
(6,	'Bondowoso',	13,	13,	11),
(7,	'KC Genteng',	577,	577,	6),
(8,	'Jember',	21,	21,	17),
(9,	'KCP AMBULU',	1161,	21,	3),
(10,	'KCP KOTA JEMBER',	2203,	21,	3),
(11,	'KC MALANG SOEKARNO HATTA',	579,	579,	6),
(12,	'KCP Batu',	551,	579,	4),
(13,	'KCP GAJAYANA',	2271,	579,	3),
(14,	'KCP TLOGO MAS',	1247,	579,	4),
(15,	'KCP UNIV BRAWIJAYA',	1807,	579,	2),
(16,	'KCP Doho',	508,	33,	5),
(17,	'KCP RINGINREJO',	2290,	33,	3),
(18,	'KCP WATES',	2289,	33,	3),
(19,	'Kediri',	33,	33,	23),
(20,	'KC KEPANJEN',	516,	516,	9),
(21,	'KCP GONDANG LEGI',	1174,	516,	4),
(22,	'KCP Turen',	589,	516,	4),
(23,	'KCP RAYA PASIRIAN',	2270,	44,	3),
(24,	'KCP RAYA SUDIRMAN',	2236,	44,	3),
(25,	'Lumajang',	44,	44,	14),
(26,	'KCP Caruban',	552,	45,	4),
(27,	'KCP DOLOPO',	2109,	45,	3),
(28,	'KCP SUDIRMAN MADIUN',	2167,	45,	3),
(29,	'Madiun',	45,	45,	16),
(30,	'Magetan',	49,	49,	13),
(31,	'KCP BASUKI RAHMAT',	2165,	51,	3),
(32,	'KCP GALUNGGUNG',	2066,	51,	3),
(33,	'KCP RAMPAL',	2067,	51,	3),
(34,	'KCP SAWOJAJAR',	2166,	51,	4),
(35,	'Malang Kawi',	51,	51,	17),
(36,	'KCP PASAR BESAR MALANG',	2001,	344,	3),
(37,	'KCP SUKUN',	1175,	344,	5),
(38,	'Malang Martadinata',	344,	344,	12),
(39,	'KC MALANG SUTOYO',	429,	429,	8),
(40,	'KCP BOROBUDUR',	2238,	429,	3),
(41,	'KCP Lawang',	554,	429,	5),
(42,	'KCP SINGOSARI',	2237,	429,	3),
(43,	'KCP KERTOSONO',	2050,	56,	4),
(44,	'Nganjuk',	56,	56,	12),
(45,	'Ngawi',	57,	57,	16),
(46,	'Pacitan',	67,	67,	7),
(47,	'KC PARE',	555,	555,	8),
(48,	'KCP KANDANGN',	1829,	555,	3),
(49,	'KCP Bangil',	550,	65,	5),
(50,	'KCP Pandaan',	518,	65,	4),
(51,	'Pasuruan',	65,	65,	16),
(52,	'KCP KOTA SUDIRMAN',	2204,	70,	3),
(53,	'Ponorogo',	70,	70,	14),
(54,	'KCP KRAKSAAN',	582,	73,	4),
(55,	'Probolinggo',	73,	73,	9),
(56,	'Situbondo',	90,	90,	12),
(57,	'Trenggalek',	177,	177,	10),
(58,	'KCP BANDUNG',	2285,	110,	3),
(59,	'KCP NGUNUT',	2065,	110,	3),
(60,	'Tulungagung',	110,	110,	15);

DROP TABLE IF EXISTS `users`;
CREATE TABLE `users` (
  `id` int(10) unsigned NOT NULL AUTO_INCREMENT,
  `name` varchar(255) NOT NULL,
  `email` varchar(255) NOT NULL,
  `password` char(60) NOT NULL,
  `mustChangePassword` char(1) DEFAULT NULL,
  `profilesId` int(10) unsigned NOT NULL,
  `banned` char(1) NOT NULL,
  `suspended` char(1) NOT NULL,
  `active` char(1) DEFAULT NULL,
  PRIMARY KEY (`id`),
  KEY `profilesId` (`profilesId`)
) ENGINE=InnoDB DEFAULT CHARSET=utf8;

INSERT INTO `users` (`id`, `name`, `email`, `password`, `mustChangePassword`, `profilesId`, `banned`, `suspended`, `active`) VALUES
(1,	'Bob Burnquist',	'bob@phalconphp.com',	'$2a$08$Lx1577KNhPa9lzFYKssadetmbhaveRtCoVaOnoXXxUIhrqlCJYWCW',	'N',	1,	'N',	'N',	'Y'),
(2,	'Erik',	'erik@phalconphp.com',	'$2a$08$f4llgFQQnhPKzpGmY1sOuuu23nYfXYM/EVOpnjjvAmbxxDxG3pbX.',	'N',	1,	'Y',	'Y',	'Y'),
(3,	'Veronica',	'veronica@phalconphp.com',	'$2a$08$NQjrh9fKdMHSdpzhMj0xcOSwJQwMfpuDMzgtRyA89ADKUbsFZ94C2',	'N',	1,	'N',	'N',	'Y'),
(4,	'Yukimi Nagano',	'yukimi@phalconphp.com',	'$2a$08$cxxpy4Jvt6Q3xGKgMWIILuf75RQDSroenvoB7L..GlXoGkVEMoSr.',	'N',	2,	'N',	'N',	'Y'),
(5,	'Admin',	'admin@example.com',	'$2y$08$ckpydUw4OHpHdXBKRWVDMOjwzzaFrDhTh7XljzR.fddOtyzlhPnLC',	'N',	1,	'N',	'N',	'Y');

DROP VIEW IF EXISTS `view1`;
CREATE TABLE `view1` (`pegawai_id` int(3), `uker_id` int(2), `nama` varchar(33), `kanca` varchar(24), `uker` varchar(24), `status` varchar(50));


DROP VIEW IF EXISTS `view2`;
CREATE TABLE `view2` (`pegawai_id` int(3), `uker_id` int(2), `nama` varchar(33), `formasi_ao` int(2), `kanca` varchar(24), `uker` varchar(24), `status` varchar(50), `status_id` int(1));


DROP VIEW IF EXISTS `view3`;
CREATE TABLE `view3` (`pegawai_id` int(3), `uker_id` int(2), `nama` varchar(33), `kanca` varchar(24), `kode_kanca` int(3), `uker` varchar(24), `kode_uker` int(4), `formasi_ao` int(2), `status` varchar(50));


DROP VIEW IF EXISTS `view_laporan`;
CREATE TABLE `view_laporan` (`id_uker` int(2), `nama_uker` varchar(24), `kode_uker` int(4), `kode_kanca` int(3), `formasi_ao` int(2), `tetap` bigint(21), `kontrak` bigint(21), `jumlah` bigint(22), `kurleb` bigint(23));


DROP TABLE IF EXISTS `report`;
CREATE ALGORITHM=UNDEFINED SQL SECURITY DEFINER VIEW `report` AS select `uker`.`nama` AS `nama`,`uker`.`formasi_ao` AS `formasi_ao`,(select count(`p`.`id`) from `pegawai` `p` where ((`p`.`kode_uker` = `uker`.`kode_uker`) and ((`p`.`status` = 6) or (`p`.`status` = 7)))) AS `tetap`,(select count(`p`.`id`) from `pegawai` `p` where ((`p`.`kode_uker` = `uker`.`kode_uker`) and ((`p`.`status` = 3) or (`p`.`status` = 4)))) AS `kontrak` from `unit_kerja` `uker`;

DROP TABLE IF EXISTS `view1`;
CREATE ALGORITHM=UNDEFINED SQL SECURITY DEFINER VIEW `view1` AS select `p`.`id` AS `pegawai_id`,`uker`.`id` AS `uker_id`,`p`.`nama` AS `nama`,(select `uker1`.`nama` from `unit_kerja` `uker1` where (`uker`.`kode_kanca` = `uker1`.`kode_uker`)) AS `kanca`,`uker`.`nama` AS `uker`,`ps`.`status` AS `status` from ((`pegawai` `p` join `pegawai_status` `ps` on((`ps`.`id` = `p`.`status`))) join `unit_kerja` `uker` on((`uker`.`kode_uker` = `p`.`kode_uker`))) group by `p`.`nama` order by `uker`.`id`;

DROP TABLE IF EXISTS `view2`;
CREATE ALGORITHM=UNDEFINED SQL SECURITY DEFINER VIEW `view2` AS select `p`.`id` AS `pegawai_id`,`uker`.`id` AS `uker_id`,`p`.`nama` AS `nama`,`uk`.`formasi_ao` AS `formasi_ao`,(select `uker1`.`nama` from `unit_kerja` `uker1` where (`uker`.`kode_kanca` = `uker1`.`kode_uker`)) AS `kanca`,`uker`.`nama` AS `uker`,`ps`.`status` AS `status`,`p`.`status` AS `status_id` from (((`pegawai` `p` join `pegawai_status` `ps` on((`ps`.`id` = `p`.`status`))) join `unit_kerja` `uker` on((`uker`.`kode_uker` = `p`.`kode_uker`))) left join `unit_kerja` `uk` on((`uker`.`id` = `uk`.`id`))) group by `uker`.`id` order by (select `uker1`.`nama` from `unit_kerja` `uker1` where (`uker`.`kode_kanca` = `uker1`.`kode_uker`)),`uker`.`id`;

DROP TABLE IF EXISTS `view3`;
CREATE ALGORITHM=UNDEFINED SQL SECURITY DEFINER VIEW `view3` AS select `v1`.`pegawai_id` AS `pegawai_id`,`v1`.`uker_id` AS `uker_id`,`v1`.`nama` AS `nama`,`v1`.`kanca` AS `kanca`,`uk`.`kode_kanca` AS `kode_kanca`,`v1`.`uker` AS `uker`,`uk`.`kode_uker` AS `kode_uker`,`uk`.`formasi_ao` AS `formasi_ao`,`v1`.`status` AS `status` from (`view1` `v1` left join `unit_kerja` `uk` on((`v1`.`uker_id` = `uk`.`id`))) group by `v1`.`uker` order by `v1`.`kanca`;

DROP TABLE IF EXISTS `view_laporan`;
CREATE ALGORITHM=UNDEFINED SQL SECURITY DEFINER VIEW `view_laporan` AS select `uk`.`id` AS `id_uker`,`uk`.`nama` AS `nama_uker`,`uk`.`kode_uker` AS `kode_uker`,`uk`.`kode_kanca` AS `kode_kanca`,`uk`.`formasi_ao` AS `formasi_ao`,(select count(0) from `pegawai` `p` where (((`p`.`status` = 6) or (`p`.`status` = 7)) and (`p`.`kode_uker` = `uk`.`kode_uker`))) AS `tetap`,(select count(0) from `pegawai` `p` where (((`p`.`status` = 3) or (`p`.`status` = 4)) and (`p`.`kode_uker` = `uk`.`kode_uker`))) AS `kontrak`,((select count(0) from `pegawai` `p` where (((`p`.`status` = 6) or (`p`.`status` = 7)) and (`p`.`kode_uker` = `uk`.`kode_uker`))) + (select count(0) from `pegawai` `p` where (((`p`.`status` = 3) or (`p`.`status` = 4)) and (`p`.`kode_uker` = `uk`.`kode_uker`)))) AS `jumlah`,(((select count(0) from `pegawai` `p` where (((`p`.`status` = 6) or (`p`.`status` = 7)) and (`p`.`kode_uker` = `uk`.`kode_uker`))) + (select count(0) from `pegawai` `p` where (((`p`.`status` = 3) or (`p`.`status` = 4)) and (`p`.`kode_uker` = `uk`.`kode_uker`)))) - `uk`.`formasi_ao`) AS `kurleb` from `unit_kerja` `uk` order by `uk`.`kode_kanca`,`uk`.`kode_uker`;

-- 2018-08-27 14:40:00
